,units,kernel_size,l2,lr,pool_type,act,n_filters,pool_size,n_hidden_layers,use_batch_norm
raw,45,128,0.08683621649330527,0.0012392397452215469,no_pool,relu,1,3,1,False
MC,90,128,1e-05,0.009506989285142388,max_pool,elu,1,3,1,False
MSC,56,33,0.001037563172588125,0.007198405249137433,avg_pool,elu,1,3,1,False
SNV,61,128,0.05598528085914713,0.005225177967849771,avg_pool,elu,1,3,1,False
SGD-2-9,92,38,0.011975653271665797,0.004511639063898475,max_pool,sigmoid,1,3,1,False
SNV-SGD-2-9,89,126,0.031123244413128127,0.00597554755974561,max_pool,sigmoid,1,3,1,False
